{
	"version": 1,
	"changelists": [
		{
			"guid": "00000000000000000000000000000000",
			"description": "Default Uncontrolled Changelist",
			"files": [
				"/Users/qiyuanli/Documents/UIUC/Semester 2/Game Development/MP/MP1/MP1 - submission/Content/InfiniteMatrix/Blueprints/BP_Player.uasset",
				"/Users/qiyuanli/Documents/UIUC/Semester 2/Game Development/MP/MP1/InfiniteMatrixStarter/Content/InfiniteMatrix/Blueprints/BP_Player.uasset",
				"/Users/qiyuanli/Documents/UIUC/Semester 2/Game Development/MP/MP1/InfiniteMatrixStarter/Content/InfiniteMatrix/Maps/TutorialMap.umap",
				"/Users/qiyuanli/Documents/UIUC/Semester 2/Game Development/MP/MP1/InfiniteMatrixStarter/Content/InfiniteMatrix/Blueprints/BP_TunnelSpawner.uasset",
				"/Users/qiyuanli/Documents/UIUC/Semester 2/Game Development/MP/MP1/InfiniteMatrixStarter/Content/InfiniteMatrix/Blueprints/BP_Tunnel.uasset",
				"/Users/qiyuanli/Documents/UIUC/Semester 2/Game Development/MP/MP1/InfiniteMatrixStarter/Content/InfiniteMatrix/UI/WBP_Restart.uasset",
				"/Users/qiyuanli/Documents/UIUC/Semester 2/Game Development/MP/MP1/InfiniteMatrixStarter/Content/InfiniteMatrix/UI/HealthWidget.uasset",
				"/Users/qiyuanli/Documents/UIUC/Semester 2/Game Development/MP/MP1/InfiniteMatrixStarter/Content/InfiniteMatrix/UI/ScoreWidget.uasset",
				"/Users/qiyuanli/Documents/UIUC/Semester 2/Game Development/MP/MP1/InfiniteMatrixStarter/Content/InfiniteMatrix/Blueprints/BP_HealthPack.uasset",
				"/Users/qiyuanli/Documents/UIUC/Semester 2/Game Development/MP/MP1/InfiniteMatrixStarter/Content/InfiniteMatrix/Blueprints/BP_HealthPack_2.uasset",
				"/Users/qiyuanli/Documents/UIUC/Semester 2/Game Development/MP/MP1/InfiniteMatrixStarter/Content/InfiniteMatrix/Blueprints/BP_Projectile.uasset",
				"/Users/qiyuanli/Documents/UIUC/Semester 2/Game Development/MP/MP1/InfiniteMatrixStarter/Content/InfiniteMatrix/Blueprints/BP_Enemy.uasset",
				"/Users/qiyuanli/Documents/UIUC/Semester 2/Game Development/MP/MP1/InfiniteMatrixStarter/Content/InfiniteMatrix/Blueprints/BP_IncreaseSpeed.uasset",
				"/Users/qiyuanli/Documents/UIUC/Semester 2/Game Development/MP/MP1/InfiniteMatrixStarter/Content/InfiniteMatrix/UI/HealthCurve.uasset",
				"/Users/qiyuanli/Documents/UIUC/Semester 2/Game Development/MP/MP1/InfiniteMatrixStarter/Content/InfiniteMatrix/UI/BPFO_Health.uasset",
				"/Users/qiyuanli/Documents/UIUC/Semester 2/Game Development/MP/MP1/InfiniteMatrixStarter/Content/InfiniteMatrix/Blueprints/BP_HealthPack_1.uasset"
			]
		}
	]
}